hoja,doc_id,tipo,accion,estado
Bifurcación (BIF),BIF_Q1,Label,Agregar (nuevo),Implementado
Bifurcación (BIF),BIF_Q1,Tooltip,Agregar (nuevo),Implementado
Bifurcación (BIF),BIF_Q1,Option,Agregar (nuevo),Implementado
1. General,"1,1",Label,Mantener,Implementado
1. General,"1,1",Tooltip,Modificar,Implementado
1. General,"1,2",Label,Mantener,Implementado
1. General,"1,2",Tooltip,Modificar,Implementado
1. General,"1,3",Label,Mantener,Implementado
1. General,"1,3",Tooltip,Modificar,Implementado
1. General,"1,4",Label,Modificar,Implementado
1. General,"1,4",Tooltip,Modificar,Implementado
1. General,"1,5",Label,Mantener,Implementado
1. General,"1,6",Label,Modificar,Implementado
1. General,"1,6",Tooltip,Modificar,Implementado
1. General,"1,7",Label,Modificar,Implementado
1. General,"1,7",Tooltip,Mantener,Implementado
1. General,"1,8",Label,Agregar (nueva),Implementado
1. General,"1,8",Tooltip,Agregar (nueva),Implementado
1. General,"1,9",Label,Agregar (nueva),Implementado
1. General,"1,9",Tooltip,Agregar (nueva),Implementado
1. General,"1,9",Recoemndacion,Agregar (nueva),Implementado
2. Proporcionalidad,"2,1",Label,Modificar,Implementado
2. Proporcionalidad,"2,1",Tooltip,Modificar,Implementado
2. Proporcionalidad,"2,2",Label,Modificar,Implementado
2. Proporcionalidad,"2,3",Label,Modificar,Implementado
2. Proporcionalidad,"2,3",Tooltip,Modificar,Implementado
2. Proporcionalidad,"2,4",Label,Modificar,Implementado
2. Proporcionalidad,"2,4",Tooltip,Modificar,Implementado
2. Proporcionalidad,"2,4",Recomendación,Modificar,Por implementar
2. Proporcionalidad,"2,5",Label,Agregar (nuevo),Implementado
2. Proporcionalidad,"2,5",Tooltip,Agregar (nuevo),Implementado
2. Proporcionalidad,"2,5",Recomendación,Agregar (nuevo),Por implementar
2. Proporcionalidad,"2,6",Label,Agregar (nuevo),Implementado
2. Proporcionalidad,"2,6",Tooltip,Agregar (nuevo),Implementado
2. Proporcionalidad,"2,6",Recomendación,Agregar (nuevo),Por implementar
2. Proporcionalidad,"2,7",Label,Agregar (nuevo),Implementado
2. Proporcionalidad,"2,7",Tooltip,Agregar (nuevo),Implementado
2. Proporcionalidad,"2,7",Recomendación,Agregar (nuevo),Por implementar
2. Proporcionalidad,"2,8",Label,Agregar (nuevo),Implementado
2. Proporcionalidad,"2,8",Tooltip,Agregar (nuevo),Implementado
2. Proporcionalidad,"2,8",Recomendación,Agregar (nuevo),Por implementar
3. Normativa,"3,1",Label,Modificar,Implementado
3. Normativa,"3,1",Tooltip,Modificar,Implementado
3. Normativa,"3,1",Recomendación,Agregar (nueva),Por implementar
3. Normativa,"3,2",Label,Modificar,Implementado
3. Normativa,"3,2",Tooltip,Modificar,Implementado
3. Normativa,"3,3",Label,Agregar (nueva),Implementado
3. Normativa,"3,3",Tooltip,Agregar (nueva),Implementado
3. Normativa,"3,3",Recomendación,Agregar (nueva),Por implementar
3. Normativa,"3,4",Label,Agregar (nueva),Implementado
3. Normativa,"3,4",Tooltip,Agregar (nueva),Implementado
3. Normativa,"3,4",Recomendación,Agregar (nueva),Por implementar
3. Normativa,"3,5",Label,Agregar (nueva),Implementado
3. Normativa,"3,5",Tooltip,Agregar (nueva),Implementado
3. Normativa,"3,5",Recomendación,Agregar (nueva),Por implementar
3. Normativa,"3,6",Label,Agregar (nueva),Implementado
3. Normativa,"3,6",Tooltip,Agregar (nueva),Implementado
3. Normativa,"3,6",Recomendación,Agregar (nueva),Por implementar
4. Licencia Social,"4,1",Label,Modificar,Implementado
4. Licencia Social,"4,1",Tooltip,Modificar,Implementado
4. Licencia Social,"4,1",Recomendación,Modificar,Por implementar
4. Licencia Social,"4,2",Label,Mantener,Implementado
4. Licencia Social,"4,2",Tooltip,Mantener,Implementado
4. Licencia Social,"4,2",Recomendación,Modificar,Por implementar
4. Licencia Social,"4,3",Label,Modificar,Implementado
4. Licencia Social,"4,3",Tooltip,Agregar (nuevo),Implementado
4. Licencia Social,"4,3",Recomendación,Agregar (nuevo),Por implementar
4. Licencia Social,"4,4",Label,Agregar (nuevo),Implementado
4. Licencia Social,"4,4",Tooltip,Agregar (nuevo),Implementado
4. Licencia Social,"4,4",Recomendación,Agregar (nuevo),Por implementar
4. Licencia Social,"4,5",Label,Agregar (nuevo),Implementado
4. Licencia Social,"4,5",Tooltip,Agregar (nuevo),Implementado
4. Licencia Social,"4,5",Recomendación,Agregar (nuevo),Por implementar
5. Gobernanza,"5,1",Label,Mantener,Implementado
5. Gobernanza,"5,1",Tooltip,Modificar,Implementado
5. Gobernanza,"5,1",Recomendación,,Por implementar
5. Gobernanza,"5,2",Label,Modificar,Implementado
5. Gobernanza,"5,2",Tooltip,Modificar,Implementado
5. Gobernanza,"5,2",Recomendación,,Por implementar
5. Gobernanza,"5,3",Label,Mantener,Implementado
5. Gobernanza,"5,3",Tooltip,Modificar,Implementado
5. Gobernanza,"5,3",Recomendación,,Por implementar
5. Gobernanza,"5,4",Label,Modificar,Implementado
5. Gobernanza,"5,4",Tooltip,Modificar,Implementado
5. Gobernanza,"5,4",Recomendación,Modificar,Por implementar
5. Gobernanza,"5,5",Label,Modificar,Implementado
5. Gobernanza,"5,5",Tooltip,Modificar,Implementado
5. Gobernanza,"5,5",Recomendación,Modificar,Por implementar
6. Protección de datos,"6,1",Label,Mantener,Implementado
6. Protección de datos,"6,1",Tooltip,Modificar,Implementado
6. Protección de datos,"6,2",Label,Modificar,Implementado
6. Protección de datos,"6,2",Tooltip,Modificar,Implementado
6. Protección de datos,"6,3",Label,Modificar,Implementado
6. Protección de datos,"6,3",Tooltip,Modificar,Implementado
6. Protección de datos,"6,4",Label,Modificar,Implementado
6. Protección de datos,"6,4",Recomendación,Modificar,Por implementar
6. Protección de datos,"6,5",Label,Mantener,Implementado
6. Protección de datos,"6,5",Tooltip,Modificar,Implementado
6. Protección de datos,"6,5",Tooltip,Modificar,Implementado
6. Protección de datos,"6,6",Label,Modificar,Implementado
6. Protección de datos,"6,6",Tooltip,Modificar,Implementado
6. Protección de datos,"6,6",Recomendación,Modificar,Por implementar
6. Protección de datos,"6,7",Label,Modificar,Implementado
6. Protección de datos,"6,7",Tooltip,Modificar,Implementado
6. Protección de datos,"6,7",Recomendación,Modificar,Por implementar
6. Protección de datos,"6,7",Option,Modificar,Implementado
6. Protección de datos,"6,8",Label,Modificar,Implementado
6. Protección de datos,"6,8",Recomendación,Modificar,Por implementar
6. Protección de datos,"6,8",Tooltip,Modificar,Implementado
6. Protección de datos,"6,9",Label,Modificar,Implementado
6. Protección de datos,"6,9",Tooltip,Modificar,Implementado
6. Protección de datos,"6,9",Recomendación,Modificar,Por implementar
6. Protección de datos,6.10,Label,Agregar (nuevo),Implementado
6. Protección de datos,6.10,Tooltip,Agregar (nuevo),Implementado
6. Protección de datos,6.10,Recomendación,Agregar (nuevo),Por implementar
6. Protección de datos,"6,11",Label,Agregar (nuevo),Implementado
6. Protección de datos,"6,11",Tooltip,Agregar (nuevo),Implementado
6. Protección de datos,"6,11",Recomendación,Agregar (nuevo),Por implementar
6. Protección de datos,"6,12",Label,Agregar (nuevo),Implementado
6. Protección de datos,"6,12",Tooltip,Agregar (nuevo),Implementado
6. Protección de datos,"6,12",Recomendación,Agregar (nuevo),Por implementar
6. Protección de datos,"6,13",Label,Agregar (nuevo),Implementado
6. Protección de datos,"6,13",Tooltip,Agregar (nuevo),Implementado
6. Protección de datos,"6,13",Recomendación,Agregar (nuevo),Por implementar
6. Protección de datos,"6,14",Label,Agregar (nuevo),Implementado
6. Protección de datos,"6,14",Tooltip,Agregar (nuevo),Implementado
6. Protección de datos,"6,14",Recomendación,Agregar (nuevo),Por implementar
6. Protección de datos,"6,15",Label,Agregar (nuevo),Implementado
6. Protección de datos,"6,15",Tooltip,Agregar (nuevo),Implementado
6. Protección de datos,"6,15",Recomendación,Agregar (nuevo),Por implementar
6. Protección de datos,"6,16",Label,Agregar (nuevo),Implementado
6. Protección de datos,"6,16",Tooltip,Agregar (nuevo),Implementado
6. Protección de datos,"6,16",Recomendación,Agregar (nuevo),Por implementar
6. Protección de datos,"6,17",Label,Agregar (nuevo),Implementado
6. Protección de datos,"6,17",Tooltip,Agregar (nuevo),Implementado
6. Protección de datos,"6,17",Recomendación,Agregar (nuevo),Por implementar
6. Protección de datos,"6,18",Label,Agregar (nuevo),Implementado
6. Protección de datos,"6,18",Tooltip,Agregar (nuevo),Implementado
6. Protección de datos,"6,18",Recomendación,Agregar (nuevo),Por implementar
6. Protección de datos,"6,19",Label,Agregar (nuevo),Implementado
6. Protección de datos,"6,19",Tooltip,Agregar (nuevo),Implementado
6. Protección de datos,"6,19",Recomendación,Agregar (nuevo),Por implementar
6. Protección de datos,6.20,Label,Agregar (nuevo),Implementado
6. Protección de datos,6.20,Recomendación,Agregar (nuevo),Por implementar
7. Ciberseguridad,"7,1",Label,Modificar,Implementado
7. Ciberseguridad,"7,1",Tooltip,Agregar (nuevo),Implementado
7. Ciberseguridad,"7,2",Label,Modificar,Implementado
7. Ciberseguridad,"7,2",Tooltip,Modificar,Implementado
7. Ciberseguridad,"7,2",Recomendación,Modificar,Por implementar
7. Ciberseguridad,"7,3",Label,Agregar (nuevo),Implementado
7. Ciberseguridad,"7,3",Tooltip,Agregar (nuevo),Implementado
7. Ciberseguridad,"7,3",Recomendación,Agregar (nuevo),Por implementar
7. Ciberseguridad,"7,4",Label,Modificar,Implementado
7. Ciberseguridad,"7,4",Recomendación,Modificar,Por implementar
7. Ciberseguridad,"7,5",Label,Mantener,Implementado
7. Ciberseguridad,"7,5",Recomendación,Modificar,Por implementar
7. Ciberseguridad,"7,12",Label condicionado,Agregar (nuevo),Implementado
7. Ciberseguridad,"7,12",Recomendación,Agregar (nuevo),Por implementar
7. Ciberseguridad,"7,13",Label condicionado,Agregar (nuevo),Implementado
7. Ciberseguridad,"7,13",Recomendación,Agregar (nuevo),Por implementar
7. Ciberseguridad,"7,14",Label condicionado,Agregar (nuevo),Implementado
7. Ciberseguridad,"7,14",Recomendación,Agregar (nuevo),Por implementar
7. Ciberseguridad,"7,6",Label,Modificar,Implementado
7. Ciberseguridad,"7,6",Recomendación,Modificar,Por implementar
7. Ciberseguridad,"7,7",Label,Modificar,Implementado
7. Ciberseguridad,"7,7",Recomendación,Modificar,Por implementar
7. Ciberseguridad,"7,8",Label,Modificar,Implementado
7. Ciberseguridad,"7,8",Recomendación,Modificar,Por implementar
7. Ciberseguridad,"7,9",Label,Agregar (nuevo),Implementado
7. Ciberseguridad,,Recomendación,Agregar (nuevo),Por implementar
7. Ciberseguridad,"7,9",Tooltip,Agregar (nuevo),Implementado
7. Ciberseguridad,7.10,Label,Agregar (nuevo),Implementado
7. Ciberseguridad,7.10,Tooltip,Agregar (nuevo),Implementado
7. Ciberseguridad,7.10,Recomendación,Agregar (nuevo),Por implementar
7. Ciberseguridad,"7,11",Label,Agregar (nuevo),Implementado
7. Ciberseguridad,"7,11",Tooltip,Agregar (nuevo),Implementado
7. Ciberseguridad,"7,11",Recomendación,Agregar (nuevo),Por implementar
7. Ciberseguridad,"7,16",Label,Agregar (nuevo),Implementado
7. Ciberseguridad,"7,16",Recomendación,Agregar (nuevo),Por implementar
7. Ciberseguridad,"7,16",Tooltip,Agregar (nuevo),Implementado
7. Ciberseguridad,"7,17",Label,Agregar (nuevo),Implementado
7. Ciberseguridad,"7,17",Tooltip,Agregar (nuevo),Implementado
7. Ciberseguridad,"7,18",Label,Agregar (nuevo),Implementado
7. Ciberseguridad,"7,18",Tooltip,Agregar (nuevo),Implementado
7. Ciberseguridad,"7,18",Recomendación,Agregar (nuevo),Por implementar
8. Equidad,"8,1",Label,Modificar,Implementado
8. Equidad,"8,1",Tooltip,Modificar,Implementado
8. Equidad,"8,2",Label condicionado,Agregar (nuevo),Implementado
8. Equidad,"8,2",Tooltip,Agregar (nuevo),Implementado
8. Equidad,"8,2",Recomendación,Agregar (nuevo),Por implementar
8. Equidad,"8,3",Label,Modificar,Implementado
8. Equidad,"8,3",Tooltip,Modificar,Implementado
8. Equidad,"8,4",Label,Mantener,Implementado
8. Equidad,"8,4",Tooltip,Modificar,Implementado
8. Equidad,"8,5",Label,Modificar,Implementado
8. Equidad,"8,5",Tooltip,Modificar,Implementado
8. Equidad,"8,6",Label,Agregar (nuevo),Implementado
8. Equidad,"8,6",Recomendación,Agregar (nuevo),Por implementar
8. Equidad,"8,6",Tooltip,Agregar (nuevo),Implementado
8. Equidad,"8,7",Label,Agregar (nuevo),Implementado
8. Equidad,"8,7",Tooltip,Agregar (nuevo),Implementado
8. Equidad,"8,7",Recomendación,Agregar (nuevo),Por implementar
9. Transparencia,"9,1",Label,Modificar,Implementado
9. Transparencia,"9,1",Tooltip,Modificar,Implementado
9. Transparencia,"9,1",Recomendación,Modificar,Por implementar
9. Transparencia,"9,2",Label,Modificar,Implementado
9. Transparencia,"9,2",Tooltip,Modificar,Implementado
9. Transparencia,"9,2",Recomendación,Modificar,Por implementar
9. Transparencia,"9,3",Label,Modificar,Implementado
9. Transparencia,"9,3",Tooltip,Modificar,Implementado
9. Transparencia,"9,3",Recomendación,Modificar,Por implementar
9. Transparencia,"9,4",Label,Mantener,Implementado
9. Transparencia,"9,4",Tooltip,Modificar,Implementado
9. Transparencia,"9,4",Recomendación,Modificar,Por implementar
9. Transparencia,"9,5",Label condicionado,Modificar,Implementado
9. Transparencia,"9,5",Tooltip,Agregar (nuevo),Implementado
9. Transparencia,"9,5",Recomendación,Modificar,Por implementar
9. Transparencia,"9,6",Label,Modificar,Implementado
9. Transparencia,"9,6",Tooltip,Agregar (nuevo),Implementado
9. Transparencia,"9,6",Recomendación,Modificar,Por implementar
10. Rendición de cuentas,"10,1",Label,Modificar,Implementado
10. Rendición de cuentas,"10,1",Tooltip,Mantener,Implementado
10. Rendición de cuentas,"10,2",Label,Modificar,Implementado
10. Rendición de cuentas,"10,2",Tooltip,Modificar,Implementado
10. Rendición de cuentas,"10,2",Recomendación,Modificar,Por implementar
10. Rendición de cuentas,"10,3",Label,Modificar,Implementado
10. Rendición de cuentas,"10,3",Tooltip,Modificar,Implementado
10. Rendición de cuentas,"10,3",Recomendación,Modificar,Por implementar
10. Rendición de cuentas,"10,4",Label,Eliminar,Implementado
10. Rendición de cuentas,"10,4",Label,Mantener,Implementado
10. Rendición de cuentas,"10,4",Tooltip,Modificar,Implementado
10. Rendición de cuentas,"10,4",Recomendación,Modificar,Por implementar
10. Rendición de cuentas,"10,5",Label,Modificar,Implementado
10. Rendición de cuentas,"10,5",Tooltip,Modificar,Implementado
10. Rendición de cuentas,"10,5",Recomendación,,Por implementar
10. Rendición de cuentas,"10,6",Label,Modificar,Implementado
10. Rendición de cuentas,"10,6",Tooltip,Agregar (nuevo),Implementado
10. Rendición de cuentas,"10,6",Recomendación,Agregar (nuevo),Por implementar
10. Rendición de cuentas,"10,7",Label,Agregar (nuevo),Implementado
10. Rendición de cuentas,"10,7",Tooltip,Agregar (nuevo),Implementado
10. Rendición de cuentas,"10,7",Recomendación,Agregar (nuevo),Por implementar
10. Rendición de cuentas,"10,8",Label,Agregar (nuevo),Implementado
10. Rendición de cuentas,"10,8",Recomendación,Agregar (nuevo),Por implementar
10. Rendición de cuentas,"10,9",Label,Agregar (nuevo),Implementado
10. Rendición de cuentas,"10,9",Recomendación,Agregar (nuevo),Por implementar
10. Rendición de cuentas,10.10,Label,Agregar (nuevo),Implementado
10. Rendición de cuentas,10.10,Tooltip,Agregar (nuevo),Implementado
10. Rendición de cuentas,10.10,Recomendación,Agregar (nuevo),Por implementar
11. Sostenibilidad ambiental,"11,1",Label,Agregar (nuevo),Implementado
11. Sostenibilidad ambiental,"11,1",Tooltip,Agregar (nuevo),Implementado
11. Sostenibilidad ambiental,"11,1",Option,Agregar (nuevo),Implementado
11. Sostenibilidad ambiental,"11,1",Recomendación,Agregar (nuevo),Por implementar
11. Sostenibilidad ambiental,"11,2",Label,Agregar (nuevo),Implementado
11. Sostenibilidad ambiental,"11,2",Tooltip,Agregar (nuevo),Implementado
11. Sostenibilidad ambiental,"11,2",Recomendación,Agregar (nuevo),Por implementar
11. Sostenibilidad ambiental,"11,2",Option,Agregar (nuevo),Implementado
Encuesta de satisfacción,1,Pregunta,Agregar (nuevo),Pendiente
Encuesta de satisfacción,1,Option,Agregar (nuevo),Pendiente
Encuesta de satisfacción,2,Pregunta,Agregar (nuevo),Implementado
Encuesta de satisfacción,2,Option,Agregar (nuevo),Implementado
Encuesta de satisfacción,2,Tooltip,Agregar (nuevo),Implementado
Encuesta de satisfacción,3,Pregunta,Agregar (nuevo),Implementado
Encuesta de satisfacción,3,Option,Agregar (nuevo),Implementado
Encuesta de satisfacción,3,Tooltip,Agregar (nuevo),Implementado
Encuesta de satisfacción,4,Pregunta,Agregar (nuevo),Implementado
Encuesta de satisfacción,4,Option,Agregar (nuevo),Implementado
Encuesta de satisfacción,4,Tooltip,Agregar (nuevo),Implementado
Encuesta de satisfacción,5,Pregunta,Agregar (nuevo),Implementado
Encuesta de satisfacción,5,Option,Agregar (nuevo),Implementado
Encuesta de satisfacción,5,Tooltip,Agregar (nuevo),Implementado
Encuesta de satisfacción,6,Pregunta,Agregar (nuevo),Implementado
Encuesta de satisfacción,6,Option,Agregar (nuevo),Implementado
Encuesta de satisfacción,6,Tooltip,Agregar (nuevo),Implementado
Encuesta de satisfacción,7,Pregunta,Agregar (nuevo),Implementado
Encuesta de satisfacción,7,Option,Agregar (nuevo),Implementado
Encuesta de satisfacción,7,Tooltip,Agregar (nuevo),Implementado
Encuesta de satisfacción,8,Pregunta,Agregar (nuevo),Implementado
Encuesta de satisfacción,8,Option,Agregar (nuevo),Implementado
Encuesta de satisfacción,8,Tooltip,Agregar (nuevo),Implementado
Encuesta de satisfacción,9,Pregunta,Agregar (nuevo),Implementado
Encuesta de satisfacción,9,Tooltip,Agregar (nuevo),Implementado
Encuesta de satisfacción,9,Option,Agregar (nuevo),Implementado
Encuesta de satisfacción,9,Placeholder,Agregar (nuevo),Implementado
Encuesta de satisfacción,10,Pregunta,Agregar (nuevo),Implementado
Encuesta de satisfacción,10,Option,Agregar (nuevo),Implementado
Encuesta de satisfacción,10,Placeholder,Agregar (nuevo),Implementado
Encuesta de satisfacción,11,Pregunta,Agregar (nuevo),Implementado
Encuesta de satisfacción,11,Option,Agregar (nuevo),Implementado
Encuesta de satisfacción,11,Tooltip,Agregar (nuevo),Implementado
