hoja,doc_id,accion,qid,similitud,margen,revision,texto_doc,texto_codigo
"General","1,2","Mantener","q2","1.000","0.415","OK","Descripción del proyecto","Descripción del proyecto"
"General","1,3","Mantener","q3","1.000","0.857","OK","Fase actual","Fase Actual"
"General","1,4","Modificar","q4","1.000","0.614","OK","Razones para la automatización de este proceso.","Razones para la automatización de este proceso."
"General","1,5","Mantener","q5","1.000","0.614","OK","¿El proyecto es una ampliación o adaptación de algún proyecto existente dentro de la organización?","¿El proyecto es una ampliación o adaptación de algún proyecto existente dentro de la organización?"
"General","1,6","Modificar","q6","1.000","0.626","OK","¿El sistema de IA, incluido el modelo central, se basa en un modelo ya existente?","¿El sistema de IA, incluido el modelo central, se basa en un modelo ya existente?"
"General","1,7","Modificar","q7","1.000","0.625","OK","¿Ha documentado con claridad la descripción del problema que busca resolver?","¿Ha documentado con claridad la descripción del problema que busca resolver?"
"Proporcionalidad","2,2","Modificar","q9","1.000","0.505","OK","¿Por qué se eligió un sistema basado en algoritmos en lugar de otras alternativas?","¿Por qué se eligió un sistema basado en algoritmos en lugar de otras alternativas?"
"Proporcionalidad","2,3","Modificar","q10","1.000","0.477","OK","¿Ha revisado casos similares y sus impactos?","¿Ha revisado casos similares y sus impactos?"
"Proporcionalidad","2,4","Modificar","q11","1.000","0.574","OK","¿La aplicación del sistema tiene algún impacto en derechos humanos según la constitución?","¿La aplicación del sistema tiene algún impacto en derechos humanos según la constitución?"
"Normativa","3,2","Modificar","q14","1.000","0.553","OK","¿Has identificado las normativas que pueden impactar en el sistema y el proyecto en el que se inserta?","¿Has identificado las normativas que pueden impactar en el sistema y el proyecto en el que se inserta?"
"Licencia Social","4,2","Mantener","q16","1.000","0.456","OK","¿Existen mecanismos para que personas usuarias u otros actores entreguen retroalimentación sobre el funcionamiento del sistema?","¿Existen mecanismos para que personas usuarias u otros actores entreguen retroalimentación sobre el funcionamiento del sistema?"
"Licencia Social","4,3","Modificar","q17","1.000","0.505","OK","¿Se diseñaron mecanismos para la difusión del sistema hacia las comunidades involucradas o afectadas?","¿Se diseñaron mecanismos para la difusión del sistema hacia las comunidades involucradas o afectadas?"
"Gobernanza","5,2","Modificar","q20","1.000","0.583","OK","¿El equipo de desarrollo interno estará compuesto por un grupo diverso de personas en términos de raza, género, profesiones, edades y otros criterios sociodemográficos?","¿El equipo de desarrollo interno estará compuesto por un grupo diverso de personas en términos de raza, género, profesiones, edades  y otros criterios sociodemográficos?"
"Gobernanza","5,3","Mantener","q21","1.000","0.604","OK","¿Está documentado el proceso de toma de decisiones del sistema?","¿Está documentado el proceso de toma de decisiones del sistema?"
"Gobernanza","5,4","Modificar","q22","1.000","0.263","OK","¿Están todas las contrapartes internas identificadas?","¿Están todas las contrapartes internas identificadas?"
"Gobernanza","5,5","Modificar","q23","1.000","0.263","OK","¿Están todas las contrapartes internas involucradas en el proyecto?","¿Están todas las contrapartes internas involucradas en el proyecto?"
"Protección de datos","6,2","Modificar","q27","1.000","0.546","OK","¿Los datos son recogidos por sensores automatizados?","¿Los datos son recogidos por sensores automatizados?"
"Protección de datos","6,3","Modificar","q28","1.000","0.489","OK","¿Los datos utilizados vienen de entidades externas?","¿Los datos utilizados vienen de entidades externas?"
"Protección de datos","6,4","Modificar","q28.1","1.000","0.531","OK","¿existen acuerdos escritos detallando las condiciones para el acceso a datos?","¿existen acuerdos escritos detallando las condiciones para el acceso a datos?"
"Protección de datos","6,5","Mantener","q29","1.000","0.576","OK","¿Se aplica el principio de minimización de datos?","¿Se aplica el principio de minimización de datos?"
"Protección de datos","6,6","Modificar","q31","1.000","0.476","OK","Se implementará el sistema para algunos de estos usos o casos:","Se implementará el sistema para algunos de estos usos o casos:"
"Protección de datos","6,7","Modificar","q32","1.000","0.412","OK","Cuenta la entidad con procesos establecidos para el ejercicio de los derechos vinculados a los datos: Acceso, Rectificación, Supresión, Oposición, Portabilidad e Impugnación a las decisiones automatizadas?","Cuenta la entidad con procesos establecidos para el ejercicio de los derechos vinculados a los datos: Acceso, Rectificación, Supresión, Oposición, Portabilidad e Impugnación a las decisiones automatizadas?"
"Protección de datos","6,8","Modificar","q33","1.000","0.321","OK","¿El sistema implica toma de decisiones automatizadas, incluida la elaboración de perfiles, que afecten significativamente a los titulares de datos?","¿El sistema implica toma de decisiones automatizadas, incluida la elaboración de perfiles, que afecten significativamente a los titulares de datos?"
"Protección de datos","6,9","Modificar","q34","1.000","0.408","OK","¿Se han diseñado medidas necesarias para asegurar explicaciones adecuadas para ayudar a los usuarios y otras personas afectadas a comprender el proceso de toma de decisiones o el funcionamiento del sistema?","¿Se han diseñado medidas necesarias para asegurar  explicaciones adecuadas para ayudar a los usuarios y otras personas afectadas a comprender el proceso de toma de decisiones o el funcionamiento del sistema?"
"Ciberseguridad","7,2","Modificar","q36","1.000","0.343","OK","¿Su organización presta servicios mediante redes y sistemas informáticos, y su afectación, interceptación, interrupción o destrucción tendría un impacto significativo en la seguridad y el orden público, en la provisión continua y regular de sus servicios, en el efectivo cumplimiento de las funciones del Estado o, en general, de los servicios que éste debe proveer o garantizar?","¿Su organización presta servicios mediante redes y sistemas informáticos, y su afectación, interceptación, interrupción o destrucción tendría un impacto significativo en la seguridad y el orden público, en la provisión continua y regular de sus servicios, en el efectivo cumplimiento de las funciones del Estado o, en general, de los servicios que éste debe proveer o garantizar?"
"Ciberseguridad","7,4","Modificar","q37","1.000","0.459","OK","¿Posee su organización una política de seguridad de la información o ciberseguridad?","¿Posee su organización una política de seguridad de la información o ciberseguridad?"
"Ciberseguridad","7,5","Mantener","q37.1","1.000","0.601","OK","¿El sistema está siendo o será subcontratado a un tercero para su desarrollo o implementación?","¿El sistema está siendo o será subcontratado a un tercero para su desarrollo o implementación?"
"Ciberseguridad","7,6","Modificar","q38","1.000","0.368","OK","¿Ha implementado un sistema de gestión de seguridad de la información continuo con el fin de determinar aquellos riesgos que puedan afectar la seguridad de las redes, sistemas informáticos y datos, y la continuidad operacional del servicio?","¿Ha implementado un sistema de gestión de seguridad de la información continuo con el fin de determinar aquellos riesgos que puedan afectar la seguridad de las redes, sistemas informáticos y datos, y la continuidad operacional del servicio?"
"Ciberseguridad","7,7","Modificar","q39","1.000","0.339","OK","¿Ha evaluado los riesgos de ciberseguridad particulares que afectan a los sistemas de IA que gestiona la organización?","¿Ha evaluado los riesgos de ciberseguridad particulares que afectan a los sistemas de IA que gestiona la organización?"
"Ciberseguridad","7,8","Modificar","q39.1","1.000","0.339","OK","¿Ha evaluado los riesgos específicos de ciberseguridad que pueda afectar el funcionamiento del sistema algorítmico?"," ¿Ha evaluado los riesgos específicos de ciberseguridad que pueda afectar el funcionamiento del sistema algorítmico?"
"Equidad","8,3","Modificar","q42","1.000","0.574","OK","¿El sistema utilizará datos de varias bases de datos o fuentes diferentes?","¿El sistema utilizará datos de varias bases de datos o fuentes diferentes?"
"Equidad","8,4","Mantener","q43","1.000","0.552","OK","¿El algoritmo fue desarrollado originalmente fuera de Chile o para un contexto distinto al propuesto?","¿El algoritmo fue desarrollado originalmente fuera de Chile o para un contexto distinto al propuesto?"
"Equidad","8,5","Modificar","q44","1.000","0.496","OK","¿Está planificado realizar un análisis exploratorio inicial de los datos para evaluar la calidad, integridad, temporalidad, consistencia y posibles sesgos, daños potenciales e implicaciones de su uso?","¿Está planificado realizar un análisis exploratorio inicial de los datos para evaluar la calidad, integridad, temporalidad, consistencia y posibles sesgos, daños potenciales e implicaciones de su uso?"
"Transparencia","9,2","Modificar","q47","1.000","0.439","OK","¿Sabrán los titulares que la decisión será mediada por un sistema de IA o tomada con base en algoritmos de IA?","¿Sabrán los titulares que la decisión será mediada por un sistema de IA o tomada con base en algoritmos de IA?"
"Transparencia","9,3","Modificar","q48","1.000","0.403","OK","¿Existe una limitación técnica insalvable, acorde con el estado del arte —por ejemplo, derivada de modelos de aprendizaje automático 'caja negra' en sistemas de decisiones automatizadas o semiautomatizadas— que impida entregar información sobre el funcionamiento y los resultados del algoritmo?","¿Existe una limitación técnica insalvable, acorde con el estado del arte —por ejemplo, derivada de modelos de aprendizaje automático ‘caja negra’ en sistemas de decisiones automatizadas o semiautomatizadas— que impida entregar información sobre el funcionamiento y los resultados del algoritmo?"
"Transparencia","9,4","Mantener","q49","1.000","0.481","OK","¿El algoritmo estará protegido por derechos de propiedad intelectual de terceros desarrolladores?","¿El algoritmo estará protegido por derechos de propiedad intelectual de terceros desarrolladores?"
"Transparencia","9,5","Modificar","q50","1.000","0.481","OK","¿Será exigida la entrega de Código fuente al tercero desarrollador?","¿Será exigida la entrega de Código fuente al tercero desarrollador?"
"Transparencia","9,6","Modificar","q51","1.000","0.439","OK","¿Se ha considerado algún mecanismo para que los usuarios internos o externos se comuniquen con la institución por los efectos o impactos que pueda producir el sistema?","¿Se ha considerado algún mecanismo para que los usuarios internos o externos se comuniquen con la institución por los efectos o impactos que pueda producir el sistema?"
"Rendición de cuentas","10,2","Modificar","q53","1.000","0.356","OK","¿El sistema automatizado va a ser utilizado reemplazando la toma de decisiones?","¿El sistema automatizado va a ser utilizado reemplazando la toma de decisiones?"
"Rendición de cuentas","10,3","Modificar","q54","1.000","0.356","OK","¿El sistema para la toma de decisiones estará completamente automatizado?","¿El sistema para la toma de decisiones estará completamente automatizado?"
"Rendición de cuentas","10,4","Eliminar","q55","1.000","0.450","OK","¿Se proporcionará un mecanismo para obtener retroalimentación de los usuarios durante la operación del sistema?"," ¿Se proporcionará un mecanismo para obtener retroalimentación de los usuarios durante la operación del sistema?"
"Rendición de cuentas","10,4","Mantener","q56","1.000","0.446","OK","¿Están planificadas auditorías algorítmicas?","¿Están planificadas auditorías algorítmicas?"
"Rendición de cuentas","10,5","Modificar","q58","1.000","0.450","OK","¿Existe algún diseño para atender requerimientos de información de usuarios externos respecto del sistema?","¿Existe algún diseño para atender requerimientos de información de usuarios externos respecto del sistema?"
"Rendición de cuentas","10,6","Modificar","q59","1.000","0.522","OK","¿Se ha planificado el resguardo de documentación tecnica, minutas de reuniones, actas y en general de la documentación que vaya justificando las decisiones que se adopten en el proyecto?","¿Se ha planificado  el resguardo de documentación tecnica, minutas de reuniones, actas y en general de la documentación que vaya justificando las decisiones que se adopten en el proyecto?"
